{"cameraMode":{"drawMode":0,"name":"Shaded","section":"Shading Mode"},"sceneLighting":true,"audioPlay":false,"sceneViewState":{"m_AlwaysRefresh":false,"showFog":true,"showSkybox":true,"showFlares":true,"showImageEffects":true,"showParticleSystems":true,"showVisualEffectGraphs":true,"m_FxEnabled":true},"in2DMode":false,"pivot":{"x":101.02955627441406,"y":-1.6309051513671876,"z":24.726213455200197},"rotation":{"x":0.30169862508773806,"y":0.6472576260566711,"z":-0.6269991397857666,"w":0.3114553987979889},"size":67.70394897460938,"orthographic":false}